"DESCRIPTION","DURATION IN MS","NAME","PARENT SUITE","START TIME","STATUS","STOP TIME","SUB SUITE","SUITE","TEST CLASS","TEST METHOD"
"","352","@regression PUT API -- update a user","chromium","2026-10-08","passed","2026-10-08","running e2e go rest curd apis tests","api/users.api.spec.ts","",""
"","1554","@regression Create a user test","chromium","2026-10-08","passed","2026-10-08","","api/user.api.individual.spec.ts","",""
"","7711","@regression verify product images count","chromium","2026-10-08","passed","2026-10-08","","productpage.spec.ts","",""
"","369","@regression DELETE API -- delete a user","chromium","2026-10-08","passed","2026-10-08","running e2e go rest curd apis tests","api/users.api.spec.ts","",""
"","349","@smoke @regression GET API - get all users","chromium","2026-10-08","passed","2026-10-08","running e2e go rest curd apis tests","api/users.api.spec.ts","",""
"","328","@regression GET API - get the deleted user","chromium","2026-10-08","passed","2026-10-08","running e2e go rest curd apis tests","api/users.api.spec.ts","",""
"","3461","@regression home page headers exist test","chromium","2026-10-08","passed","2026-10-08","","homepagefix.spec.ts","",""
"","1340","@regression Delete a user test","chromium","2026-10-08","passed","2026-10-08","","api/user.api.individual.spec.ts","",""
"","5660","@regression verify product information/data","chromium","2026-10-08","passed","2026-10-08","","productpage.spec.ts","",""
"","956","@regression get albums data test","chromium","2026-10-08","passed","2026-10-08","","api/spotify.Oauth2.spec.ts","",""
"","2332","@regression forgot pwd link exist test","chromium","2026-10-08","passed","2026-10-08","","loginpagefix.spec.ts","",""
"","7854","@regression verify product added to cart","chromium","2026-10-08","passed","2026-10-08","","productpage.spec.ts","",""
"","347","@regression POST API -- create a user","chromium","2026-10-08","passed","2026-10-08","running e2e go rest curd apis tests","api/users.api.spec.ts","",""
